Type,Name,Request Count,Failure Count,Median Response Time,Average Response Time,Min Response Time,Max Response Time,Average Content Size,Requests/s,Failures/s,50%,66%,75%,80%,90%,95%,98%,99%,99.9%,99.99%,100%
GET,/,983,591,24,543.7610370081547,1.5111249958863482,5610.019427993393,7253.014242115972,16.59768610670092,9.978873335768304,24,700,930,1000,1300,2400,4600,5000,5600,5600,5600
GET,/cart,869,510,27,180.0598557915728,1.5082810059539042,1704.3337040013284,5836.222094361335,14.672827290664394,8.611210492794983,27,280,340,390,470,590,1000,1200,1700,1700,1700
GET,/product/0PUK6V6EV0,274,187,8,118.85981186493075,1.9948200060753152,1327.5046249982552,6008.656934306569,4.626415049070246,3.1574438473581607,8,42,120,300,420,490,750,890,1300,1300,1300
GET,/product/1YMWWN1N4O,259,165,15,132.32321818140636,2.0320690018706955,1287.6679279943346,6146.320463320463,4.373144152223334,2.785979865316024,15,64,260,330,410,500,870,920,1300,1300,1300
GET,/product/2ZYFJ3GM2N,260,175,8,135.18416443467476,1.9690440021804534,1719.7466340003302,6042.923076923077,4.390028878679796,2.9548271298806315,8,34,200,280,450,560,1100,1300,1700,1700,1700
GET,browse_products,1079,555,62,831.0094462260744,1.579183001013007,5521.016162005253,7721.931417979611,18.21861984652115,9.371023183335717,62,940,1100,1200,2700,4500,4800,5100,5500,5500,5500
GET,homepage,782,424,36,762.6685418375198,1.6167779976967722,5497.265697995317,7571.682864450127,13.203856088952309,7.159124017539359,37,890,1000,1100,1700,4400,4800,5000,5500,5500,5500
GET,product_details,315,180,27,195.45271838740317,2.102856000419706,1408.591259001696,6327.009523809524,5.318688833785137,3.0392507621629354,27,210,330,380,490,930,1200,1200,1400,1400,1400
,Aggregated,4821,2787,27,486.9549672810193,1.5082810059539042,5610.019427993393,6898.329599668119,81.40126624659729,47.05773263415612,27,330,710,910,1200,1900,4600,4800,5500,5600,5600
