Type,Name,Request Count,Failure Count,Median Response Time,Average Response Time,Min Response Time,Max Response Time,Average Content Size,Requests/s,Failures/s,50%,66%,75%,80%,90%,95%,98%,99%,99.9%,99.99%,100%
GET,/,10,10,13,13.746784900286002,6.86128500092309,23.01350899870158,0.0,10.523396929116988,10.523396929116988,14,14,15,20,23,23,23,23,23,23,23
GET,homepage_normal,9,9,1.0637790001055691,2.2561737771158934,1.0637790001055691,9.234261000528932,0.0,9.471057236205288,9.471057236205288,1,1,2,2,9,9,9,9,9,9,9
GET,product_browsing_normal,11,11,2,3.958720181716754,1.1029779998352751,10.586719999992056,0.0,11.575736622028685,11.575736622028685,2,6,7,7,9,11,11,11,11,11,11
GET,search_normal,1,1,2.024006000283407,2.024006000283407,2.024006000283407,2.024006000283407,0.0,1.0523396929116986,1.0523396929116986,2,2,2,2,2,2,2,2,2,2,2
GET,view_cart,2,2,1.1923729980480857,4.236831999151036,1.1923729980480857,7.281291000253987,0.0,2.104679385823397,2.104679385823397,7,7,7,7,7,7,7,7,7,7,7
,Aggregated,33,33,2,6.4186971210416015,1.0637790001055691,23.01350899870158,0.0,34.727209866086056,34.727209866086056,2,9,11,11,14,20,23,23,23,23,23
