Type,Name,Request Count,Failure Count,Median Response Time,Average Response Time,Min Response Time,Max Response Time,Average Content Size,Requests/s,Failures/s,50%,66%,75%,80%,90%,95%,98%,99%,99.9%,99.99%,100%
GET,/,80,80,140.0,128.86278199998742,50.44375599754858,170.59471600077813,5133.0,8.956338186591482,8.956338186591482,140,140,150,150,160,160,170,170,170,170,170
GET,homepage_normal,416,416,5,10.429091742847818,2.6193060002697166,97.73729500011541,5120.661057692308,46.57295857027571,46.57295857027571,5,6,9,12,22,42,76,81,98,98,98
GET,product_browsing_normal,527,527,5,11.603917064459385,2.5662270018074196,118.15723699692171,5113.519924098672,58.99987780417139,58.99987780417139,5,7,10,12,25,54,80,89,120,120,120
GET,search_normal,111,111,5,10.109044901083008,2.636413999425713,103.45265800060588,5133.0,12.426919233895681,12.426919233895681,5,7,8,9,17,44,85,91,100,100,100
GET,view_cart,166,166,6,10.87851275320667,2.5308149997727014,104.32244099865784,5138.0,18.584401737177327,18.584401737177327,6,8,10,13,22,34,81,100,100,100,100
,Aggregated,1300,1300,5,18.223635476189465,2.5308149997727014,170.59471600077813,5121.793076923077,145.54049553211158,145.54049553211158,5,8,12,16,54,120,140,160,170,170,170
