Type,Name,Request Count,Failure Count,Median Response Time,Average Response Time,Min Response Time,Max Response Time,Average Content Size,Requests/s,Failures/s,50%,66%,75%,80%,90%,95%,98%,99%,99.9%,99.99%,100%
GET,/,79,79,1,2.768185658526277,0.7482250002794899,13.262053995276801,0.0,15.794054124006795,15.794054124006795,1,3,4,5,7,8,10,13,13,13,13
GET,/cart,54,54,1,1.8182904993106301,0.7561410020571202,8.029762997466605,0.0,10.795935730333758,10.795935730333758,1,1,2,2,5,7,7,8,8,8,8
GET,browse_products,46,46,1,1.7694737172227495,0.8632780009065755,10.232193002593704,0.0,9.196537844358387,9.196537844358387,1,1,2,2,3,6,10,10,10,10,10
GET,homepage,29,29,1,1.7957416202989407,0.8991569993668236,6.017252002493478,0.0,5.797817336660722,5.797817336660722,1,1,2,2,5,5,6,6,6,6,6
,Aggregated,208,208,1,2.165128134458008,0.7482250002794899,13.262053995276801,0.0,41.58434503535966,41.58434503535966,1,2,2,3,5,7,8,10,13,13,13
