Type,Name,Request Count,Failure Count,Median Response Time,Average Response Time,Min Response Time,Max Response Time,Average Content Size,Requests/s,Failures/s,50%,66%,75%,80%,90%,95%,98%,99%,99.9%,99.99%,100%
GET,/,181,0,390.0,401.3919049390519,21.720146003644913,1375.6529669990414,10499.0,6.220992417102242,0.0,390,470,510,540,630,730,1200,1200,1400,1400,1400
GET,/cart,124,0,130.0,151.69551612093676,8.30758899974171,928.695249996963,6877.548387096775,4.261895357572807,0.0,130,160,180,180,250,300,620,890,930,930,930
GET,/product/0PUK6V6EV0,128,0,110.0,114.64585186752174,10.222414995951112,514.3262349956785,7955.796875,4.399375852978381,0.0,110,120,150,160,190,220,280,360,510,510,510
GET,/product/1YMWWN1N4O,122,0,110.0,128.20345377878738,8.358140999916941,995.6703179996111,7977.540983606557,4.19315510987002,0.0,110,120,150,160,190,270,770,890,1000,1000,1000
GET,/product/2ZYFJ3GM2N,120,0,100.0,130.85210450808518,9.157480999419931,997.1947489975719,7971.85,4.1244148621672325,0.0,110,130,150,150,210,310,740,960,1000,1000,1000
GET,browse_products,230,0,390.0,404.29252862165373,14.988747003371827,1204.465346003417,10499.0,7.905128485820528,0.0,390,480,530,560,610,770,1000,1100,1200,1200,1200
GET,homepage,160,0,380.0,382.9956216438404,14.785701998334844,1225.0125399950775,10499.0,5.499219816222976,0.0,390,470,530,560,610,690,960,1200,1200,1200,1200
GET,product_details,205,0,110.0,127.00005208753282,9.441289003007114,954.8564500000793,7956.726829268293,7.045875389535689,0.0,110,130,140,160,200,300,520,800,950,950,950
,Aggregated,1270,0,160.0,250.22166414010132,8.30758899974171,1375.6529669990414,8997.71496062992,43.650057291269874,0.0,160,290,380,430,560,620,880,1000,1200,1400,1400
